{
   "Format": "1.6",
   "Changes": 
   [
   //Characters/Farmer
      {
         "Action": "Load",
         "Target": "Characters/Farmer/farmer_base",
         "FromFile": "assets/Characters/Farmer/farmer_base.png"
      },
      {
         "Action": "load",
         "Target": "Characters/Farmer/farmer_base_bald",
         "FromFile": "assets/Characters/Farmer/farmer_base_bald.png"
      },
      {
         "Action": "load",
         "Target": "Characters/Farmer/farmer_girl_base",
         "FromFile": "assets/Characters/Farmer/farmer_girl_base.png"
      },
      {
         "Action": "load",
         "Target": "Characters/Farmer/farmer_girl_base_bald",
         "FromFile": "assets/Characters/Farmer/farmer_girl_base_bald.png"
      },

   //Characters
      {
         "Action": "load",
         "Target": "Characters/Abigail",
         "FromFile": "assets/Characters/Abigail.png"
      },
      {
         "Action": "load",
         "Target": "Characters/Alex",
         "FromFile": "assets/Characters/Alex.png"
      },
      {
         "Action": "load",
         "Target": "Characters/Caroline",
         "FromFile": "assets/Characters/Caroline.png"
      },
      {
         "Action": "load",
         "Target": "Characters/Clint",
         "FromFile": "assets/Characters/Clint.png"
      },
      {
         "Action": "load",
         "Target": "Characters/Dana",
         "FromFile": "assets/Characters/Dana.png"
      },
      {
         "Action": "load",
         "Target": "Characters/Dick",
         "FromFile": "assets/Characters/Dick.png"
      },
      {
         "Action": "load",
         "Target": "Characters/Elliott",
         "FromFile": "assets/Characters/Elliott.png"
      },
      {
         "Action": "load",
         "Target": "Characters/Emily",
         "FromFile": "assets/Characters/Emily.png"
      },
      {
         "Action": "load",
         "Target": "Characters/Evelyn",
         "FromFile": "assets/Characters/Evelyn.png"
      },
      {
         "Action": "load",
         "Target": "Characters/farmer_girl_base",
         "FromFile": "assets/Characters/farmer_girl_base.png"
      },
      {
         "Action": "load",
         "Target": "Characters/femaleRival",
         "FromFile": "assets/Characters/femaleRival.png"
      },
      {
         "Action": "load",
         "Target": "Characters/Gus",
         "FromFile": "assets/Characters/Gus.png"
      },
      {
         "Action": "load",
         "Target": "Characters/Haley",
         "FromFile": "assets/Characters/Haley.png"
      },
      {
         "Action": "load",
         "Target": "Characters/Harvey",
         "FromFile": "assets/Characters/Harvey.png"
      },
      {
         "Action": "load",
         "Target": "Characters/Jas",
         "FromFile": "assets/Characters/Jas.png"
      },
      {
         "Action": "load",
         "Target": "Characters/Jodi",
         "FromFile": "assets/Characters/Jodi.png"
      },
      {
         "Action": "load",
         "Target": "Characters/Kent",
         "FromFile": "assets/Characters/Kent.png"
      },
      {
         "Action": "load",
         "Target": "Characters/Leah",
         "FromFile": "assets/Characters/Leah.png"
      },
      {
         "Action": "load",
         "Target": "Characters/maleRival",
         "FromFile": "assets/Characters/maleRival.png"
      },
      {
         "Action": "load",
         "Target": "Characters/Marnie",
         "FromFile": "assets/Characters/Marnie.png"
      },
      {
         "Action": "load",
         "Target": "Characters/Maru",
         "FromFile": "assets/Characters/Maru.png"
      },
      {
         "Action": "load",
         "Target": "Characters/Maru_Hospital",
         "FromFile": "assets/Characters/Maru_Hospital.png"
      },
      {
         "Action": "load",
         "Target": "Characters/Morris",
         "FromFile": "assets/Characters/Morris.png"
      },
      {
         "Action": "load",
         "Target": "Characters/Pam",
         "FromFile": "assets/Characters/Pam.png"
      },
      {
         "Action": "load",
         "Target": "Characters/Penny",
         "FromFile": "assets/Characters/Penny.png"
      },
      {
         "Action": "load",
         "Target": "Characters/Pierre",
         "FromFile": "assets/Characters/Pierre.png"
      },
      {
         "Action": "load",
         "Target": "Characters/Robin",
         "FromFile": "assets/Characters/Robin.png"
      },
      {
         "Action": "load",
         "Target": "Characters/Sam",
         "FromFile": "assets/Characters/Sam.png"
      },
      {
         "Action": "load",
         "Target": "Characters/Sandy",
         "FromFile": "assets/Characters/Sandy.png"
      },
      {
         "Action": "load",
         "Target": "Characters/Sebastian",
         "FromFile": "assets/Characters/Sebastian.png"
      },
      {
         "Action": "load",
         "Target": "Characters/Shane",
         "FromFile": "assets/Characters/Shane.png"
      },
      {
         "Action": "load",
         "Target": "Characters/Shane_JojaMart",
         "FromFile": "assets/Characters/Shane_JojaMart.png"
      },
      {
         "Action": "load",
         "Target": "Characters/Vincent",
         "FromFile": "assets/Characters/Vincent.png"
      },
      {
         "Action": "load",
         "Target": "Characters/WeddingOutfits",
         "FromFile": "assets/Characters/WeddingOutfits.png"
      },
      {
         "Action": "load",
         "Target": "Characters/Willy",
         "FromFile": "assets/Characters/Willy.png"
      },
      {
         "Action": "load",
         "Target": "Characters/Wizard",
         "FromFile": "assets/Characters/Wizard.png"
      },
   ]
}